source,campaign,influencer_id,user_id,product,date,orders,revenue
Facebook,Campaign_A,20,1046,HKVitals Omega,2024-02-07,1,1218.37
Instagram,Campaign_A,4,1422,MuscleBlaze Whey,2024-01-04,2,3285.95
Twitter,Campaign_C,19,6304,MuscleBlaze Whey,2024-02-14,2,778.16
YouTube,Campaign_B,14,9619,MuscleBlaze Whey,2024-01-17,2,2124.14
Facebook,Campaign_A,17,2786,HKVitals Omega,2024-05-08,1,1907.21
Facebook,Campaign_B,17,5941,HKVitals Omega,2024-06-13,1,403.4
Instagram,Campaign_B,13,7984,Gritzo Shake,2024-01-28,2,3022.16
Instagram,Campaign_B,3,2323,HKVitals Omega,2024-06-04,1,411.66
Facebook,Campaign_C,20,9984,Gritzo Shake,2024-03-24,2,3981.73
YouTube,Campaign_C,10,8433,Gritzo Shake,2024-06-03,2,937.21
Instagram,Campaign_B,4,4522,HKVitals Omega,2024-04-25,1,1003.48
Instagram,Campaign_C,13,7815,Gritzo Shake,2024-01-25,2,2051.0
Facebook,Campaign_A,9,7132,MuscleBlaze Whey,2024-06-24,2,828.25
Instagram,Campaign_C,3,8075,MuscleBlaze Whey,2024-04-05,1,1245.83
Facebook,Campaign_C,18,6400,Gritzo Shake,2024-02-01,2,1802.23
YouTube,Campaign_C,14,1842,HKVitals Omega,2024-06-02,2,1795.6
Facebook,Campaign_A,17,4485,MuscleBlaze Whey,2024-06-17,2,1362.43
YouTube,Campaign_B,12,7022,MuscleBlaze Whey,2024-03-12,3,2053.41
Facebook,Campaign_A,18,1430,Gritzo Shake,2024-06-17,3,2263.98
Facebook,Campaign_A,9,6062,HKVitals Omega,2024-03-30,1,608.39
Twitter,Campaign_A,19,7566,MuscleBlaze Whey,2024-02-06,3,4129.18
Instagram,Campaign_A,3,9691,MuscleBlaze Whey,2024-04-06,2,2142.4
YouTube,Campaign_A,12,6105,Gritzo Shake,2024-03-24,3,3940.74
Twitter,Campaign_B,5,3579,Gritzo Shake,2024-01-13,3,1316.07
YouTube,Campaign_C,14,8957,Gritzo Shake,2024-04-23,2,1528.77
Instagram,Campaign_C,4,6655,HKVitals Omega,2024-01-29,2,2905.94
YouTube,Campaign_C,16,9633,Gritzo Shake,2024-03-19,1,674.88
Twitter,Campaign_B,2,1125,MuscleBlaze Whey,2024-03-18,1,1604.49
YouTube,Campaign_A,10,6375,MuscleBlaze Whey,2024-01-02,2,3139.85
Twitter,Campaign_C,5,7229,Gritzo Shake,2024-06-29,1,1150.45
YouTube,Campaign_A,12,2180,HKVitals Omega,2024-01-11,2,663.72
YouTube,Campaign_B,11,8033,Gritzo Shake,2024-04-13,3,4164.72
Instagram,Campaign_C,4,7636,MuscleBlaze Whey,2024-03-24,1,1662.25
Instagram,Campaign_C,15,6928,MuscleBlaze Whey,2024-04-21,1,713.64
Instagram,Campaign_A,13,9584,MuscleBlaze Whey,2024-04-11,2,3135.74
YouTube,Campaign_C,11,3754,MuscleBlaze Whey,2024-05-10,3,1481.54
Facebook,Campaign_A,7,6724,HKVitals Omega,2024-06-14,1,701.66
Facebook,Campaign_C,9,4232,MuscleBlaze Whey,2024-06-03,1,1592.37
Instagram,Campaign_C,3,3902,Gritzo Shake,2024-05-06,2,3165.12
Instagram,Campaign_B,15,6295,Gritzo Shake,2024-03-21,1,1047.6
Instagram,Campaign_A,15,5961,HKVitals Omega,2024-05-31,1,898.3
YouTube,Campaign_B,10,8565,HKVitals Omega,2024-01-10,1,926.85
Instagram,Campaign_C,3,2479,Gritzo Shake,2024-06-01,3,2860.86
Facebook,Campaign_C,18,1672,HKVitals Omega,2024-05-26,3,1860.02
YouTube,Campaign_B,16,9214,MuscleBlaze Whey,2024-01-16,2,951.91
Instagram,Campaign_B,3,9266,Gritzo Shake,2024-02-14,1,721.16
Instagram,Campaign_B,15,9586,Gritzo Shake,2024-06-05,1,918.63
Instagram,Campaign_C,13,7697,HKVitals Omega,2024-06-22,3,1167.06
YouTube,Campaign_B,11,2079,HKVitals Omega,2024-01-25,3,4359.73
Facebook,Campaign_B,9,3463,HKVitals Omega,2024-01-21,3,4284.42
YouTube,Campaign_B,10,7421,MuscleBlaze Whey,2024-06-01,3,5683.81
Facebook,Campaign_C,18,7171,Gritzo Shake,2024-03-25,1,1439.2
Facebook,Campaign_A,17,2531,Gritzo Shake,2024-06-20,2,2328.86
YouTube,Campaign_B,12,6060,MuscleBlaze Whey,2024-02-24,2,3822.07
Facebook,Campaign_A,7,4711,MuscleBlaze Whey,2024-02-09,1,802.85
Facebook,Campaign_C,17,9843,Gritzo Shake,2024-05-14,1,1425.28
Twitter,Campaign_C,5,7172,MuscleBlaze Whey,2024-02-11,1,1713.29
YouTube,Campaign_A,6,8170,MuscleBlaze Whey,2024-04-15,2,2899.63
Instagram,Campaign_B,15,5668,Gritzo Shake,2024-04-24,1,1207.82
YouTube,Campaign_B,16,4178,HKVitals Omega,2024-06-22,3,5920.64
YouTube,Campaign_A,10,7256,Gritzo Shake,2024-05-15,2,3885.31
Facebook,Campaign_B,20,3267,HKVitals Omega,2024-01-14,3,3351.01
Facebook,Campaign_A,18,2680,Gritzo Shake,2024-05-12,1,784.61
Facebook,Campaign_A,9,8361,Gritzo Shake,2024-02-07,2,911.83
Instagram,Campaign_B,15,6727,MuscleBlaze Whey,2024-04-16,1,973.97
Instagram,Campaign_A,8,7326,MuscleBlaze Whey,2024-04-05,1,347.92
YouTube,Campaign_B,11,3392,MuscleBlaze Whey,2024-01-10,2,3719.15
Twitter,Campaign_A,5,8685,HKVitals Omega,2024-06-06,1,1839.96
Facebook,Campaign_B,9,4533,MuscleBlaze Whey,2024-05-20,3,4005.29
Instagram,Campaign_B,4,5720,MuscleBlaze Whey,2024-03-18,1,381.17
Facebook,Campaign_A,20,8489,MuscleBlaze Whey,2024-01-29,2,2628.91
Facebook,Campaign_C,17,4963,Gritzo Shake,2024-02-06,2,2059.41
YouTube,Campaign_A,12,4941,Gritzo Shake,2024-04-16,1,1429.43
Facebook,Campaign_C,17,6908,MuscleBlaze Whey,2024-05-14,3,3487.37
Facebook,Campaign_B,18,1333,HKVitals Omega,2024-04-30,1,1380.64
Facebook,Campaign_C,9,1266,HKVitals Omega,2024-01-18,2,1419.83
Instagram,Campaign_C,4,6447,MuscleBlaze Whey,2024-01-12,2,2456.45
YouTube,Campaign_A,6,8612,Gritzo Shake,2024-05-02,3,1829.62
Instagram,Campaign_A,3,8498,MuscleBlaze Whey,2024-03-16,1,374.47
Twitter,Campaign_C,2,6170,HKVitals Omega,2024-05-11,2,3963.02
YouTube,Campaign_A,16,5150,MuscleBlaze Whey,2024-06-14,1,786.39
YouTube,Campaign_C,11,5476,MuscleBlaze Whey,2024-04-04,2,3624.25
Instagram,Campaign_B,15,7334,HKVitals Omega,2024-02-17,2,2953.03
Facebook,Campaign_A,17,5369,MuscleBlaze Whey,2024-04-18,1,1032.03
Facebook,Campaign_B,18,5813,HKVitals Omega,2024-01-27,1,857.46
YouTube,Campaign_B,10,8305,Gritzo Shake,2024-04-19,1,1472.6
Instagram,Campaign_B,15,1693,Gritzo Shake,2024-03-31,3,5990.57
Twitter,Campaign_C,2,2229,Gritzo Shake,2024-06-12,2,1835.26
YouTube,Campaign_A,6,1510,MuscleBlaze Whey,2024-06-04,3,4884.69
Twitter,Campaign_C,5,2101,MuscleBlaze Whey,2024-06-14,2,1831.31
Twitter,Campaign_A,2,3513,Gritzo Shake,2024-04-25,2,1864.85
Twitter,Campaign_B,19,3255,Gritzo Shake,2024-04-03,2,1668.91
Instagram,Campaign_C,8,2858,MuscleBlaze Whey,2024-02-17,2,2360.33
Instagram,Campaign_C,4,5288,HKVitals Omega,2024-06-29,2,1329.54
YouTube,Campaign_B,10,9047,MuscleBlaze Whey,2024-02-01,1,1749.8
YouTube,Campaign_C,6,8292,MuscleBlaze Whey,2024-06-23,2,2870.66
Instagram,Campaign_C,3,9882,HKVitals Omega,2024-03-17,1,1510.08
YouTube,Campaign_A,6,6922,Gritzo Shake,2024-02-27,1,1974.73
Instagram,Campaign_B,8,9094,MuscleBlaze Whey,2024-04-02,3,3818.61
Facebook,Campaign_C,18,3126,Gritzo Shake,2024-01-23,1,825.79
YouTube,Campaign_B,16,9612,HKVitals Omega,2024-04-14,3,1276.13
Instagram,Campaign_C,3,8372,HKVitals Omega,2024-06-23,3,2657.03
Twitter,Campaign_A,19,3981,MuscleBlaze Whey,2024-04-20,3,5544.63
Instagram,Campaign_C,4,9488,MuscleBlaze Whey,2024-03-18,1,575.34
Instagram,Campaign_C,8,6669,Gritzo Shake,2024-03-13,1,726.03
Facebook,Campaign_A,18,5496,MuscleBlaze Whey,2024-06-09,2,2689.06
Facebook,Campaign_C,17,3762,Gritzo Shake,2024-05-28,1,591.04
Facebook,Campaign_C,20,6531,Gritzo Shake,2024-01-11,1,438.08
Twitter,Campaign_C,19,5336,Gritzo Shake,2024-02-23,3,3024.59
Twitter,Campaign_B,1,9159,Gritzo Shake,2024-05-19,2,2782.48
YouTube,Campaign_C,16,5012,Gritzo Shake,2024-04-13,2,2142.05
Twitter,Campaign_B,2,3589,HKVitals Omega,2024-04-16,2,2179.1
Facebook,Campaign_B,20,3353,HKVitals Omega,2024-03-22,3,5938.92
Instagram,Campaign_A,13,3142,HKVitals Omega,2024-05-11,3,1441.54
Instagram,Campaign_A,15,3007,HKVitals Omega,2024-04-25,1,539.49
YouTube,Campaign_A,10,7293,Gritzo Shake,2024-04-17,1,1936.57
YouTube,Campaign_B,11,6123,MuscleBlaze Whey,2024-02-10,2,3986.3
YouTube,Campaign_C,16,6055,HKVitals Omega,2024-01-06,1,1906.9
Instagram,Campaign_B,15,4944,MuscleBlaze Whey,2024-05-29,2,765.44
YouTube,Campaign_B,16,8710,HKVitals Omega,2024-05-17,1,1740.19
Twitter,Campaign_B,5,5333,Gritzo Shake,2024-04-03,2,1844.19
Twitter,Campaign_C,2,4189,HKVitals Omega,2024-05-21,2,850.01
Instagram,Campaign_A,15,5582,Gritzo Shake,2024-06-23,3,1505.94
Instagram,Campaign_A,13,7114,HKVitals Omega,2024-05-22,2,3166.88
Facebook,Campaign_A,20,9341,HKVitals Omega,2024-05-08,1,377.02
YouTube,Campaign_C,11,8761,Gritzo Shake,2024-04-26,1,1330.64
Twitter,Campaign_C,5,6373,Gritzo Shake,2024-03-22,1,968.02
YouTube,Campaign_C,10,6511,Gritzo Shake,2024-05-10,3,3398.22
YouTube,Campaign_B,10,8780,MuscleBlaze Whey,2024-04-04,2,2890.94
Twitter,Campaign_B,19,6040,Gritzo Shake,2024-06-25,3,1035.9
Facebook,Campaign_C,9,4728,Gritzo Shake,2024-01-14,3,3350.29
Facebook,Campaign_C,20,7229,MuscleBlaze Whey,2024-06-23,1,353.67
Instagram,Campaign_B,4,4125,MuscleBlaze Whey,2024-04-22,2,2023.85
Facebook,Campaign_C,7,7723,Gritzo Shake,2024-06-05,2,3567.58
Twitter,Campaign_C,2,3262,Gritzo Shake,2024-02-23,3,2557.75
YouTube,Campaign_C,16,9609,HKVitals Omega,2024-03-21,1,1081.43
YouTube,Campaign_C,11,9950,HKVitals Omega,2024-06-22,3,4371.8
Facebook,Campaign_A,9,8932,MuscleBlaze Whey,2024-03-04,2,2497.49
YouTube,Campaign_B,10,5735,Gritzo Shake,2024-02-23,3,4495.44
YouTube,Campaign_C,16,6714,Gritzo Shake,2024-03-11,2,1014.37
Facebook,Campaign_B,18,7220,HKVitals Omega,2024-03-29,1,793.77
Instagram,Campaign_A,3,6674,HKVitals Omega,2024-06-16,2,3140.95
Facebook,Campaign_A,7,9824,HKVitals Omega,2024-05-23,3,2285.27
Facebook,Campaign_A,20,4920,MuscleBlaze Whey,2024-01-13,3,5516.44
Instagram,Campaign_A,8,1860,MuscleBlaze Whey,2024-04-15,2,3039.02
Twitter,Campaign_B,5,1084,Gritzo Shake,2024-02-10,2,2819.84
YouTube,Campaign_A,16,4267,HKVitals Omega,2024-03-23,2,2796.05
Twitter,Campaign_A,19,4804,Gritzo Shake,2024-01-10,1,1010.4
Twitter,Campaign_B,2,7504,HKVitals Omega,2024-02-17,3,5806.87
Twitter,Campaign_B,2,1151,HKVitals Omega,2024-05-25,3,1447.23
YouTube,Campaign_A,10,8444,Gritzo Shake,2024-05-19,3,3418.95
Facebook,Campaign_C,17,8668,HKVitals Omega,2024-02-19,1,862.16
Instagram,Campaign_B,15,5215,Gritzo Shake,2024-02-17,1,1552.25
Twitter,Campaign_B,19,4164,MuscleBlaze Whey,2024-06-05,3,5474.92
Facebook,Campaign_A,17,6372,MuscleBlaze Whey,2024-04-12,3,1386.46
YouTube,Campaign_B,16,6301,MuscleBlaze Whey,2024-01-02,2,1904.15
Facebook,Campaign_B,9,6400,HKVitals Omega,2024-05-29,3,3821.67
YouTube,Campaign_A,12,4871,MuscleBlaze Whey,2024-06-19,1,1091.17
Instagram,Campaign_B,13,9233,Gritzo Shake,2024-03-20,3,1498.82
YouTube,Campaign_C,12,4618,MuscleBlaze Whey,2024-02-04,2,1120.83
Facebook,Campaign_C,20,7121,HKVitals Omega,2024-06-28,3,5555.26
Facebook,Campaign_C,7,5054,Gritzo Shake,2024-06-01,1,1193.36
YouTube,Campaign_C,12,2279,Gritzo Shake,2024-01-29,1,1708.92
Facebook,Campaign_B,7,9792,MuscleBlaze Whey,2024-02-12,2,3505.25
Instagram,Campaign_C,4,4365,Gritzo Shake,2024-05-29,2,909.2
Instagram,Campaign_C,15,1911,HKVitals Omega,2024-02-03,3,3018.67
Twitter,Campaign_B,2,8575,Gritzo Shake,2024-03-19,3,1011.03
Twitter,Campaign_C,1,4570,Gritzo Shake,2024-01-19,1,1020.29
Instagram,Campaign_B,3,9866,MuscleBlaze Whey,2024-01-18,2,707.9
YouTube,Campaign_B,6,3218,Gritzo Shake,2024-06-14,2,1873.17
Instagram,Campaign_C,15,7184,HKVitals Omega,2024-01-21,3,5817.14
Twitter,Campaign_A,5,6697,MuscleBlaze Whey,2024-02-15,3,2904.6
Instagram,Campaign_C,8,1056,MuscleBlaze Whey,2024-03-17,2,2889.9
YouTube,Campaign_A,14,9715,HKVitals Omega,2024-02-28,1,1083.06
Facebook,Campaign_B,9,4088,Gritzo Shake,2024-01-29,1,1676.11
Facebook,Campaign_A,20,1256,MuscleBlaze Whey,2024-02-22,1,471.52
Instagram,Campaign_C,15,1797,MuscleBlaze Whey,2024-01-12,2,2092.47
Facebook,Campaign_C,7,1924,MuscleBlaze Whey,2024-05-08,2,1396.15
Twitter,Campaign_A,19,6224,Gritzo Shake,2024-06-02,3,5073.75
YouTube,Campaign_B,10,3347,Gritzo Shake,2024-05-13,1,1003.05
Twitter,Campaign_A,2,3869,Gritzo Shake,2024-06-22,2,2489.89
YouTube,Campaign_A,12,7244,Gritzo Shake,2024-03-22,3,3023.26
YouTube,Campaign_A,10,7167,MuscleBlaze Whey,2024-05-17,2,1419.29
YouTube,Campaign_B,10,3365,HKVitals Omega,2024-01-15,3,3004.66
Facebook,Campaign_B,18,9683,MuscleBlaze Whey,2024-04-09,1,733.49
Instagram,Campaign_A,3,8369,HKVitals Omega,2024-01-24,3,4595.38
Twitter,Campaign_A,2,5398,HKVitals Omega,2024-06-21,3,3974.9
Facebook,Campaign_A,7,4555,HKVitals Omega,2024-02-23,2,1630.84
Facebook,Campaign_B,7,4113,Gritzo Shake,2024-01-31,3,5997.82
Instagram,Campaign_B,8,4350,HKVitals Omega,2024-03-02,3,2540.24
Instagram,Campaign_B,13,8639,Gritzo Shake,2024-06-15,2,1648.64
Facebook,Campaign_B,17,9147,HKVitals Omega,2024-01-26,3,3294.4
Facebook,Campaign_A,7,7073,HKVitals Omega,2024-04-15,1,1256.29
Twitter,Campaign_B,5,1265,HKVitals Omega,2024-05-21,3,3853.63
YouTube,Campaign_A,10,3497,MuscleBlaze Whey,2024-03-25,1,945.73
YouTube,Campaign_B,16,6530,HKVitals Omega,2024-05-05,3,4172.64
Instagram,Campaign_C,15,3756,Gritzo Shake,2024-03-31,1,537.93
YouTube,Campaign_A,16,4015,Gritzo Shake,2024-06-13,1,1190.71
Twitter,Campaign_C,2,1104,HKVitals Omega,2024-02-05,3,2080.31
Twitter,Campaign_C,5,1149,MuscleBlaze Whey,2024-05-09,2,1868.88
Facebook,Campaign_C,20,8916,Gritzo Shake,2024-05-04,1,311.24
YouTube,Campaign_B,14,1194,MuscleBlaze Whey,2024-05-15,3,2301.18
Twitter,Campaign_A,1,9228,Gritzo Shake,2024-06-21,2,3340.97
Instagram,Campaign_C,4,2578,Gritzo Shake,2024-02-08,1,626.28
Facebook,Campaign_B,9,6807,HKVitals Omega,2024-04-11,1,934.19
Instagram,Campaign_A,15,4984,Gritzo Shake,2024-02-27,2,2925.74
Twitter,Campaign_A,2,2531,HKVitals Omega,2024-04-07,2,2479.18
Twitter,Campaign_B,1,3807,MuscleBlaze Whey,2024-05-07,2,2792.68
Twitter,Campaign_C,19,2562,Gritzo Shake,2024-01-11,1,659.41
Twitter,Campaign_B,19,8790,HKVitals Omega,2024-01-12,1,1463.53
Facebook,Campaign_C,18,1539,MuscleBlaze Whey,2024-03-21,1,1934.5
Twitter,Campaign_C,5,7525,MuscleBlaze Whey,2024-03-17,1,1258.73
Instagram,Campaign_C,13,9856,HKVitals Omega,2024-04-08,3,1613.75
Instagram,Campaign_A,3,9204,Gritzo Shake,2024-03-29,1,466.07
Instagram,Campaign_B,3,6580,Gritzo Shake,2024-06-06,3,2923.19
Twitter,Campaign_B,1,5478,HKVitals Omega,2024-05-05,1,904.88
YouTube,Campaign_C,14,4043,Gritzo Shake,2024-05-29,3,2838.37
YouTube,Campaign_B,10,5037,Gritzo Shake,2024-01-19,1,755.55
Twitter,Campaign_B,5,7383,HKVitals Omega,2024-04-02,1,455.58
Instagram,Campaign_B,15,6896,HKVitals Omega,2024-01-27,1,448.41
Instagram,Campaign_C,15,9395,HKVitals Omega,2024-01-27,1,452.35
Instagram,Campaign_A,3,6315,HKVitals Omega,2024-01-04,2,2006.95
Facebook,Campaign_A,18,4977,Gritzo Shake,2024-05-13,1,1465.04
Twitter,Campaign_A,5,5405,HKVitals Omega,2024-03-09,2,1096.18
YouTube,Campaign_B,14,5521,HKVitals Omega,2024-03-17,2,3261.07
Facebook,Campaign_A,9,5040,Gritzo Shake,2024-06-09,2,2618.94
Instagram,Campaign_B,15,2752,MuscleBlaze Whey,2024-03-18,1,1913.0
Facebook,Campaign_C,20,7224,HKVitals Omega,2024-04-22,2,2064.1
Facebook,Campaign_A,20,3230,HKVitals Omega,2024-03-23,3,5731.12
YouTube,Campaign_C,16,6147,MuscleBlaze Whey,2024-04-11,2,1590.92
YouTube,Campaign_B,16,4971,HKVitals Omega,2024-04-06,2,3376.08
YouTube,Campaign_A,12,2865,Gritzo Shake,2024-02-21,3,5986.05
Facebook,Campaign_B,18,1440,Gritzo Shake,2024-04-28,3,1969.21
Instagram,Campaign_A,3,7703,Gritzo Shake,2024-05-07,1,1376.67
Facebook,Campaign_C,9,3525,Gritzo Shake,2024-04-18,2,851.48
YouTube,Campaign_A,16,7566,Gritzo Shake,2024-05-09,3,3033.33
YouTube,Campaign_A,12,9796,Gritzo Shake,2024-06-12,1,485.93
YouTube,Campaign_C,12,3725,Gritzo Shake,2024-06-05,1,1257.47
Instagram,Campaign_A,13,6432,HKVitals Omega,2024-01-28,1,467.63
Facebook,Campaign_B,17,9499,Gritzo Shake,2024-05-28,3,3833.7
YouTube,Campaign_A,12,7408,HKVitals Omega,2024-06-22,3,4421.23
YouTube,Campaign_A,12,1402,HKVitals Omega,2024-01-27,2,2014.32
Instagram,Campaign_A,4,3321,HKVitals Omega,2024-03-20,2,2148.13
Facebook,Campaign_C,17,8912,HKVitals Omega,2024-05-01,1,1044.88
Instagram,Campaign_A,15,6225,MuscleBlaze Whey,2024-03-17,1,1677.32
Twitter,Campaign_C,1,6620,Gritzo Shake,2024-01-28,3,4980.26
Instagram,Campaign_B,8,9454,MuscleBlaze Whey,2024-05-21,1,862.68
Instagram,Campaign_C,15,4798,HKVitals Omega,2024-06-10,1,616.86
YouTube,Campaign_B,14,7481,MuscleBlaze Whey,2024-06-06,1,1064.28
Instagram,Campaign_C,13,1072,Gritzo Shake,2024-02-24,1,773.19
Instagram,Campaign_B,3,2667,Gritzo Shake,2024-02-17,2,1708.35
Instagram,Campaign_B,4,5298,Gritzo Shake,2024-05-05,3,5826.17
Facebook,Campaign_B,20,7367,Gritzo Shake,2024-04-10,3,1482.58
Instagram,Campaign_C,15,3826,Gritzo Shake,2024-06-29,2,3723.52
Instagram,Campaign_A,3,3194,HKVitals Omega,2024-01-31,1,819.15
YouTube,Campaign_C,12,3316,Gritzo Shake,2024-04-09,2,2627.85
Instagram,Campaign_C,13,7931,MuscleBlaze Whey,2024-05-04,3,3640.63
YouTube,Campaign_B,6,3733,HKVitals Omega,2024-03-14,1,618.07
Facebook,Campaign_B,20,1878,HKVitals Omega,2024-01-03,2,1064.22
Facebook,Campaign_B,18,9281,Gritzo Shake,2024-05-06,2,2927.97
Instagram,Campaign_A,15,9006,MuscleBlaze Whey,2024-01-22,3,1057.39
YouTube,Campaign_B,10,1535,HKVitals Omega,2024-02-27,3,2372.22
Twitter,Campaign_B,19,9115,Gritzo Shake,2024-05-10,1,1273.61
Facebook,Campaign_A,18,7010,Gritzo Shake,2024-01-11,3,3150.97
YouTube,Campaign_A,14,2677,Gritzo Shake,2024-06-16,1,806.11
Instagram,Campaign_A,15,5305,HKVitals Omega,2024-01-23,2,3541.99
Instagram,Campaign_C,8,4438,Gritzo Shake,2024-05-30,3,2688.22
Facebook,Campaign_A,20,8015,MuscleBlaze Whey,2024-06-06,1,1634.24
Twitter,Campaign_B,2,6747,Gritzo Shake,2024-03-12,3,3647.72
YouTube,Campaign_C,10,5740,Gritzo Shake,2024-03-09,3,5925.99
Instagram,Campaign_A,4,3221,HKVitals Omega,2024-01-16,2,3547.96
Twitter,Campaign_C,5,5090,MuscleBlaze Whey,2024-03-23,1,1594.51
Instagram,Campaign_B,13,9019,MuscleBlaze Whey,2024-05-27,3,2270.46
Instagram,Campaign_C,13,8405,MuscleBlaze Whey,2024-06-11,1,984.85
Facebook,Campaign_C,9,7046,HKVitals Omega,2024-05-04,2,2578.65
Instagram,Campaign_A,3,8511,Gritzo Shake,2024-06-19,3,2726.94
Facebook,Campaign_B,18,7516,MuscleBlaze Whey,2024-04-19,1,1141.02
YouTube,Campaign_B,10,6533,Gritzo Shake,2024-05-27,1,1262.44
YouTube,Campaign_B,11,1793,MuscleBlaze Whey,2024-01-26,3,4897.84
Twitter,Campaign_B,1,3035,MuscleBlaze Whey,2024-04-22,2,602.3
Facebook,Campaign_B,7,3161,Gritzo Shake,2024-03-18,1,1786.52
Instagram,Campaign_C,3,6905,HKVitals Omega,2024-01-22,2,2859.33
YouTube,Campaign_A,6,1848,HKVitals Omega,2024-06-09,2,3068.36
YouTube,Campaign_A,14,2494,Gritzo Shake,2024-01-25,1,662.82
Twitter,Campaign_C,5,4705,Gritzo Shake,2024-06-23,2,631.58
YouTube,Campaign_A,11,2975,HKVitals Omega,2024-06-26,1,1112.09
Instagram,Campaign_B,13,2463,Gritzo Shake,2024-01-27,1,832.7
Twitter,Campaign_C,5,7270,MuscleBlaze Whey,2024-06-13,3,1628.55
Twitter,Campaign_C,19,1138,Gritzo Shake,2024-06-15,1,1048.17
Facebook,Campaign_A,7,3480,HKVitals Omega,2024-06-06,3,3156.16
Instagram,Campaign_B,3,2646,MuscleBlaze Whey,2024-02-01,3,4623.05
YouTube,Campaign_A,14,6152,MuscleBlaze Whey,2024-03-04,2,2791.71
Facebook,Campaign_A,18,5668,Gritzo Shake,2024-01-07,3,5366.72
Facebook,Campaign_A,17,9348,MuscleBlaze Whey,2024-04-10,2,2796.98
YouTube,Campaign_A,16,7322,MuscleBlaze Whey,2024-03-02,2,2769.48
Facebook,Campaign_C,17,1197,HKVitals Omega,2024-03-22,1,957.63
YouTube,Campaign_A,14,6986,Gritzo Shake,2024-06-23,1,1596.63
Twitter,Campaign_A,1,2106,MuscleBlaze Whey,2024-03-08,1,367.71
Instagram,Campaign_B,13,9300,HKVitals Omega,2024-06-09,3,3455.35
YouTube,Campaign_A,14,7590,MuscleBlaze Whey,2024-06-12,3,3642.04
Facebook,Campaign_A,9,2369,HKVitals Omega,2024-01-21,3,5596.72
Facebook,Campaign_C,18,6353,HKVitals Omega,2024-05-30,3,4792.44
Instagram,Campaign_A,3,6081,Gritzo Shake,2024-04-21,3,5762.48
Twitter,Campaign_C,2,5005,MuscleBlaze Whey,2024-04-21,1,1070.73
Twitter,Campaign_A,2,6067,Gritzo Shake,2024-06-17,3,1795.79
Twitter,Campaign_C,5,1185,MuscleBlaze Whey,2024-05-07,2,2378.22
Facebook,Campaign_B,9,3735,HKVitals Omega,2024-02-02,3,4883.73
Instagram,Campaign_B,4,1480,HKVitals Omega,2024-04-19,2,2381.1
Twitter,Campaign_B,19,2262,HKVitals Omega,2024-04-26,3,2736.63
Twitter,Campaign_C,19,3734,HKVitals Omega,2024-02-10,2,3229.32
Instagram,Campaign_A,4,4742,Gritzo Shake,2024-05-10,1,374.86
Instagram,Campaign_A,8,1753,HKVitals Omega,2024-04-03,2,3728.77
Twitter,Campaign_C,2,7870,MuscleBlaze Whey,2024-03-23,1,1007.64
YouTube,Campaign_C,11,5444,MuscleBlaze Whey,2024-05-26,2,1005.96
Twitter,Campaign_A,2,3938,MuscleBlaze Whey,2024-05-12,1,1921.93
Instagram,Campaign_A,15,5625,HKVitals Omega,2024-03-24,1,1240.26
YouTube,Campaign_A,12,4287,HKVitals Omega,2024-05-24,2,3114.56
Instagram,Campaign_C,15,7033,Gritzo Shake,2024-05-06,1,1545.19
Instagram,Campaign_B,8,3466,MuscleBlaze Whey,2024-04-14,1,696.1
Twitter,Campaign_C,1,6488,MuscleBlaze Whey,2024-06-17,2,3486.62
YouTube,Campaign_A,10,2703,MuscleBlaze Whey,2024-05-15,1,1013.69
Twitter,Campaign_C,5,5584,MuscleBlaze Whey,2024-01-12,1,1825.39
YouTube,Campaign_A,14,7102,HKVitals Omega,2024-01-22,3,1387.44
Instagram,Campaign_A,13,2226,Gritzo Shake,2024-05-25,1,1039.47
Instagram,Campaign_C,8,5778,HKVitals Omega,2024-03-21,2,2982.47
YouTube,Campaign_A,11,6211,HKVitals Omega,2024-03-10,1,426.97
Twitter,Campaign_B,5,2785,MuscleBlaze Whey,2024-01-28,1,1064.26
YouTube,Campaign_B,14,2978,Gritzo Shake,2024-04-01,1,1068.26
Facebook,Campaign_C,9,2964,MuscleBlaze Whey,2024-02-10,3,2451.5
Facebook,Campaign_A,20,1660,MuscleBlaze Whey,2024-03-24,1,455.06
YouTube,Campaign_A,12,7492,Gritzo Shake,2024-01-13,3,2424.09
Twitter,Campaign_A,1,7625,HKVitals Omega,2024-05-22,3,3705.62
Instagram,Campaign_A,15,2669,MuscleBlaze Whey,2024-02-01,1,404.84
Twitter,Campaign_C,5,4246,HKVitals Omega,2024-04-05,3,4114.52
Instagram,Campaign_C,3,5240,MuscleBlaze Whey,2024-01-06,1,636.18
Instagram,Campaign_B,15,3110,MuscleBlaze Whey,2024-03-25,1,372.58
Twitter,Campaign_A,2,3752,Gritzo Shake,2024-04-20,3,2914.49
Instagram,Campaign_B,13,7990,MuscleBlaze Whey,2024-03-31,1,1844.12
Facebook,Campaign_A,9,8307,MuscleBlaze Whey,2024-01-09,3,4057.8
YouTube,Campaign_B,10,9173,HKVitals Omega,2024-05-20,2,807.33
Instagram,Campaign_C,13,3248,HKVitals Omega,2024-02-21,3,5411.73
Instagram,Campaign_C,8,9907,MuscleBlaze Whey,2024-04-07,3,2731.47
YouTube,Campaign_A,16,6636,Gritzo Shake,2024-05-08,2,1920.5
Twitter,Campaign_B,1,6224,Gritzo Shake,2024-02-26,1,1822.8
Twitter,Campaign_A,2,8728,Gritzo Shake,2024-04-01,3,5997.99
Instagram,Campaign_C,4,5060,Gritzo Shake,2024-03-02,2,2414.54
Twitter,Campaign_A,2,4594,Gritzo Shake,2024-04-09,2,3779.7
YouTube,Campaign_C,6,4875,Gritzo Shake,2024-03-22,3,4457.9
Twitter,Campaign_A,1,6761,Gritzo Shake,2024-05-24,1,1257.29
YouTube,Campaign_A,16,9882,HKVitals Omega,2024-02-14,2,729.08
Instagram,Campaign_C,8,4584,MuscleBlaze Whey,2024-05-14,2,602.32
Facebook,Campaign_A,7,3137,HKVitals Omega,2024-02-15,2,802.49
Twitter,Campaign_B,19,3320,MuscleBlaze Whey,2024-05-14,2,3865.9
Instagram,Campaign_A,13,2655,HKVitals Omega,2024-03-18,2,1063.94
YouTube,Campaign_C,14,8982,Gritzo Shake,2024-03-22,1,1502.21
Facebook,Campaign_B,20,6846,MuscleBlaze Whey,2024-06-19,3,5053.72
YouTube,Campaign_C,10,5825,MuscleBlaze Whey,2024-02-15,3,909.17
Twitter,Campaign_C,19,7415,Gritzo Shake,2024-01-09,1,1324.06
Instagram,Campaign_A,8,2705,HKVitals Omega,2024-02-06,2,3134.17
YouTube,Campaign_C,12,6234,MuscleBlaze Whey,2024-06-11,1,1696.83
YouTube,Campaign_A,11,8317,MuscleBlaze Whey,2024-03-08,1,724.22
YouTube,Campaign_C,12,5205,MuscleBlaze Whey,2024-01-01,1,956.09
YouTube,Campaign_B,14,3725,HKVitals Omega,2024-05-06,2,1794.19
Instagram,Campaign_B,4,8855,Gritzo Shake,2024-06-15,3,2050.47
Instagram,Campaign_A,3,1547,HKVitals Omega,2024-01-06,2,1487.83
Instagram,Campaign_C,3,6600,MuscleBlaze Whey,2024-04-06,1,1544.37
Instagram,Campaign_B,3,6536,Gritzo Shake,2024-06-06,2,2995.32
YouTube,Campaign_A,6,8113,MuscleBlaze Whey,2024-01-14,1,862.86
YouTube,Campaign_A,14,9849,HKVitals Omega,2024-06-18,2,1611.16
Twitter,Campaign_B,2,7437,Gritzo Shake,2024-05-20,2,1122.21
Twitter,Campaign_B,1,8005,MuscleBlaze Whey,2024-03-16,3,4087.96
Facebook,Campaign_A,7,2589,MuscleBlaze Whey,2024-02-22,1,1384.92
YouTube,Campaign_C,16,2892,HKVitals Omega,2024-04-11,2,2262.93
Facebook,Campaign_B,9,2493,Gritzo Shake,2024-05-19,2,1228.6
YouTube,Campaign_B,12,4056,HKVitals Omega,2024-01-12,2,2095.12
Instagram,Campaign_C,8,5400,Gritzo Shake,2024-01-16,1,1578.8
Instagram,Campaign_C,4,2404,Gritzo Shake,2024-03-29,3,3011.33
Instagram,Campaign_C,8,1999,HKVitals Omega,2024-05-13,2,3883.13
YouTube,Campaign_C,16,4860,HKVitals Omega,2024-03-17,1,971.17
Twitter,Campaign_C,2,9226,Gritzo Shake,2024-05-12,3,4355.43
Twitter,Campaign_A,5,2970,HKVitals Omega,2024-02-14,1,1952.68
Twitter,Campaign_C,5,1699,HKVitals Omega,2024-01-21,3,3120.51
Twitter,Campaign_B,5,5225,HKVitals Omega,2024-01-18,1,959.77
Facebook,Campaign_A,18,6343,HKVitals Omega,2024-05-13,2,3718.35
Facebook,Campaign_C,20,9561,HKVitals Omega,2024-01-29,2,1108.78
Twitter,Campaign_C,19,2641,MuscleBlaze Whey,2024-05-24,1,1635.77
YouTube,Campaign_C,12,7732,HKVitals Omega,2024-04-08,3,3376.48
YouTube,Campaign_C,16,1613,MuscleBlaze Whey,2024-03-11,2,1089.1
Instagram,Campaign_C,13,1635,HKVitals Omega,2024-03-25,3,2111.65
YouTube,Campaign_B,16,5400,HKVitals Omega,2024-01-06,2,3379.11
YouTube,Campaign_A,10,5593,HKVitals Omega,2024-06-27,3,1400.91
Twitter,Campaign_B,5,5923,Gritzo Shake,2024-04-23,2,1516.03
Facebook,Campaign_B,20,2462,MuscleBlaze Whey,2024-04-23,1,1852.84
YouTube,Campaign_A,16,9462,HKVitals Omega,2024-01-15,3,4936.6
YouTube,Campaign_A,10,9303,HKVitals Omega,2024-02-04,3,5384.6
YouTube,Campaign_A,6,4158,MuscleBlaze Whey,2024-01-15,1,356.22
YouTube,Campaign_C,12,4262,HKVitals Omega,2024-04-04,2,2317.43
Instagram,Campaign_A,4,1500,MuscleBlaze Whey,2024-04-05,2,2619.75
YouTube,Campaign_C,16,6730,HKVitals Omega,2024-02-11,2,3146.47
Instagram,Campaign_C,3,5670,MuscleBlaze Whey,2024-04-08,1,576.94
Facebook,Campaign_C,7,4626,Gritzo Shake,2024-02-27,3,1954.33
YouTube,Campaign_A,14,9409,MuscleBlaze Whey,2024-06-23,1,1105.97
YouTube,Campaign_B,6,1138,MuscleBlaze Whey,2024-03-05,3,5005.94
Facebook,Campaign_B,9,7943,HKVitals Omega,2024-03-30,2,1456.8
YouTube,Campaign_C,10,9530,Gritzo Shake,2024-04-11,3,1421.79
YouTube,Campaign_B,12,5631,HKVitals Omega,2024-06-24,1,1118.96
Facebook,Campaign_C,9,6327,HKVitals Omega,2024-03-07,3,4526.58
YouTube,Campaign_C,10,4086,MuscleBlaze Whey,2024-05-12,1,1829.47
Instagram,Campaign_B,13,6236,Gritzo Shake,2024-02-05,3,1029.82
YouTube,Campaign_C,10,5250,HKVitals Omega,2024-04-13,2,3104.89
Twitter,Campaign_B,19,4111,HKVitals Omega,2024-02-26,3,3626.64
YouTube,Campaign_A,12,9311,HKVitals Omega,2024-02-13,3,5370.12
YouTube,Campaign_C,10,2599,HKVitals Omega,2024-02-02,3,2219.12
YouTube,Campaign_C,6,6499,Gritzo Shake,2024-01-23,1,903.98
YouTube,Campaign_B,10,7889,HKVitals Omega,2024-04-05,2,2590.94
Instagram,Campaign_C,4,8709,MuscleBlaze Whey,2024-06-11,3,3859.6
Instagram,Campaign_B,3,8736,MuscleBlaze Whey,2024-05-08,1,1774.75
Facebook,Campaign_A,17,5888,HKVitals Omega,2024-01-14,1,533.52
YouTube,Campaign_C,11,7704,Gritzo Shake,2024-04-27,1,837.85
YouTube,Campaign_B,6,2324,HKVitals Omega,2024-03-26,3,5931.87
Twitter,Campaign_A,2,1077,HKVitals Omega,2024-03-11,1,1594.03
Twitter,Campaign_C,19,3595,HKVitals Omega,2024-01-23,1,1344.62
YouTube,Campaign_C,14,7609,HKVitals Omega,2024-05-02,2,615.88
Facebook,Campaign_C,7,7112,MuscleBlaze Whey,2024-03-23,3,1871.94
Twitter,Campaign_A,1,5076,MuscleBlaze Whey,2024-06-26,2,1661.11
Instagram,Campaign_A,13,9246,Gritzo Shake,2024-03-19,1,410.99
YouTube,Campaign_B,10,5764,HKVitals Omega,2024-05-13,3,3573.0
Twitter,Campaign_B,5,6615,HKVitals Omega,2024-04-01,1,580.3
Twitter,Campaign_C,1,4742,MuscleBlaze Whey,2024-02-03,1,1547.93
Facebook,Campaign_A,17,3768,MuscleBlaze Whey,2024-04-03,3,4217.76
Instagram,Campaign_A,13,5190,Gritzo Shake,2024-06-08,1,1309.67
Instagram,Campaign_B,4,1323,MuscleBlaze Whey,2024-06-25,1,1008.52
Instagram,Campaign_C,4,9966,HKVitals Omega,2024-05-01,3,1680.95
Twitter,Campaign_B,1,5933,HKVitals Omega,2024-06-18,1,1426.22
Facebook,Campaign_A,20,3247,HKVitals Omega,2024-01-27,3,4565.71
YouTube,Campaign_B,10,2867,MuscleBlaze Whey,2024-05-07,1,1335.3
Facebook,Campaign_A,17,4304,HKVitals Omega,2024-06-29,2,1604.19
Facebook,Campaign_A,18,9132,MuscleBlaze Whey,2024-06-25,2,1724.05
Twitter,Campaign_A,1,2458,MuscleBlaze Whey,2024-05-26,3,3419.93
Facebook,Campaign_B,17,2229,Gritzo Shake,2024-01-26,2,2790.75
YouTube,Campaign_A,10,5327,HKVitals Omega,2024-01-13,1,1682.4
YouTube,Campaign_A,10,6901,Gritzo Shake,2024-03-21,2,3111.04
Twitter,Campaign_B,2,1158,MuscleBlaze Whey,2024-06-18,3,1769.61
Instagram,Campaign_A,15,5395,Gritzo Shake,2024-01-24,2,3370.88
Instagram,Campaign_C,4,7566,HKVitals Omega,2024-04-26,2,3441.41
YouTube,Campaign_C,16,7909,Gritzo Shake,2024-02-12,1,525.27
Twitter,Campaign_C,2,3611,MuscleBlaze Whey,2024-04-16,3,3361.64
Instagram,Campaign_C,15,3969,Gritzo Shake,2024-04-07,2,2678.62
Twitter,Campaign_A,5,8914,HKVitals Omega,2024-01-29,2,2098.34
Facebook,Campaign_C,9,6148,MuscleBlaze Whey,2024-06-29,3,3576.57
Twitter,Campaign_C,19,4669,Gritzo Shake,2024-03-27,3,3567.83
Facebook,Campaign_B,20,2560,HKVitals Omega,2024-06-18,3,2167.74
Instagram,Campaign_A,13,3435,Gritzo Shake,2024-06-05,1,319.8
Facebook,Campaign_B,17,8688,HKVitals Omega,2024-02-12,1,1577.43
Instagram,Campaign_C,8,6421,HKVitals Omega,2024-01-13,3,2035.8
Instagram,Campaign_C,13,7607,MuscleBlaze Whey,2024-01-21,2,2110.24
Instagram,Campaign_B,15,2442,HKVitals Omega,2024-04-24,2,1003.6
Twitter,Campaign_A,1,2681,HKVitals Omega,2024-04-15,1,1247.12
Instagram,Campaign_B,3,5990,Gritzo Shake,2024-05-23,1,1412.81
YouTube,Campaign_C,11,6953,MuscleBlaze Whey,2024-02-27,2,1728.71
Facebook,Campaign_A,20,8751,Gritzo Shake,2024-06-17,2,3034.11
Instagram,Campaign_B,4,4633,MuscleBlaze Whey,2024-03-28,2,3421.61
Facebook,Campaign_A,18,9552,HKVitals Omega,2024-06-28,1,377.82
YouTube,Campaign_A,16,3301,Gritzo Shake,2024-04-14,1,732.29
Facebook,Campaign_A,7,2978,HKVitals Omega,2024-02-25,2,3403.48
YouTube,Campaign_C,11,2765,HKVitals Omega,2024-01-12,3,5171.08
Instagram,Campaign_A,4,8381,HKVitals Omega,2024-06-17,3,5776.57
YouTube,Campaign_C,16,1071,Gritzo Shake,2024-01-13,3,5670.07
YouTube,Campaign_A,16,9328,MuscleBlaze Whey,2024-06-26,3,1785.62
Instagram,Campaign_C,4,7347,Gritzo Shake,2024-06-02,3,5401.75
Instagram,Campaign_B,13,7859,Gritzo Shake,2024-06-26,1,765.11
YouTube,Campaign_C,10,8419,MuscleBlaze Whey,2024-02-05,2,2648.58
Facebook,Campaign_C,17,5897,Gritzo Shake,2024-05-20,2,3020.37
Facebook,Campaign_B,7,4291,MuscleBlaze Whey,2024-06-08,3,2381.96
Twitter,Campaign_C,5,3913,Gritzo Shake,2024-05-18,3,4148.07
Instagram,Campaign_C,4,6771,Gritzo Shake,2024-05-02,3,3810.25
YouTube,Campaign_A,14,9747,HKVitals Omega,2024-04-18,1,1188.64
Instagram,Campaign_A,13,3381,MuscleBlaze Whey,2024-06-20,1,639.83
YouTube,Campaign_A,10,5105,MuscleBlaze Whey,2024-01-16,3,4900.22
Facebook,Campaign_C,18,1529,HKVitals Omega,2024-04-25,1,1347.39
Facebook,Campaign_C,18,4675,Gritzo Shake,2024-06-14,3,2883.32
YouTube,Campaign_C,10,1769,HKVitals Omega,2024-04-09,2,3852.79
YouTube,Campaign_B,11,1881,MuscleBlaze Whey,2024-03-05,1,1354.95
Instagram,Campaign_C,8,7025,Gritzo Shake,2024-05-19,3,3977.27
Facebook,Campaign_A,7,5819,HKVitals Omega,2024-02-15,3,1279.79
Facebook,Campaign_B,17,2955,HKVitals Omega,2024-01-11,2,1548.98
Twitter,Campaign_C,5,3636,Gritzo Shake,2024-03-06,1,861.96
Twitter,Campaign_C,5,1654,MuscleBlaze Whey,2024-03-23,3,1159.36
Facebook,Campaign_C,20,5934,HKVitals Omega,2024-05-26,3,2726.24
YouTube,Campaign_C,11,9608,MuscleBlaze Whey,2024-02-17,3,1247.7
YouTube,Campaign_A,6,7814,Gritzo Shake,2024-05-17,2,912.61
Facebook,Campaign_C,7,6437,HKVitals Omega,2024-04-02,2,1342.71
Facebook,Campaign_B,17,8780,Gritzo Shake,2024-06-15,1,495.03
Instagram,Campaign_A,15,4937,Gritzo Shake,2024-06-06,3,2143.52
YouTube,Campaign_B,11,7248,MuscleBlaze Whey,2024-04-08,2,2436.81
Twitter,Campaign_A,1,9468,HKVitals Omega,2024-05-11,3,3172.34
YouTube,Campaign_A,10,4154,HKVitals Omega,2024-05-11,1,1911.96
Facebook,Campaign_C,18,9736,MuscleBlaze Whey,2024-06-09,1,658.33
Facebook,Campaign_C,7,7950,MuscleBlaze Whey,2024-02-22,3,5126.62
YouTube,Campaign_C,14,2181,Gritzo Shake,2024-06-24,1,340.38
YouTube,Campaign_B,11,1620,MuscleBlaze Whey,2024-01-19,1,602.59
Facebook,Campaign_B,18,2154,Gritzo Shake,2024-02-28,2,1985.95
Instagram,Campaign_C,13,8094,HKVitals Omega,2024-01-05,2,2889.22
Twitter,Campaign_A,1,2036,Gritzo Shake,2024-05-29,1,1491.5
YouTube,Campaign_A,12,9238,MuscleBlaze Whey,2024-03-15,3,2436.89
YouTube,Campaign_A,10,8170,HKVitals Omega,2024-04-11,3,1057.18
Facebook,Campaign_C,18,4602,MuscleBlaze Whey,2024-04-10,3,2404.39
Twitter,Campaign_A,5,5883,Gritzo Shake,2024-06-14,2,3855.13
Facebook,Campaign_B,18,3316,MuscleBlaze Whey,2024-01-11,1,1273.62
Facebook,Campaign_C,18,9970,MuscleBlaze Whey,2024-03-19,1,1572.1
YouTube,Campaign_A,12,4469,HKVitals Omega,2024-06-14,3,1626.52
Instagram,Campaign_C,8,5140,MuscleBlaze Whey,2024-01-30,1,1440.66
Twitter,Campaign_C,2,9992,HKVitals Omega,2024-06-14,3,1273.04
Instagram,Campaign_B,3,5107,MuscleBlaze Whey,2024-02-20,3,3861.04
YouTube,Campaign_C,12,3100,Gritzo Shake,2024-06-16,1,470.08
Instagram,Campaign_C,3,4170,HKVitals Omega,2024-05-04,2,1716.38
YouTube,Campaign_B,10,3496,Gritzo Shake,2024-05-25,2,3346.18
YouTube,Campaign_C,6,1079,HKVitals Omega,2024-03-04,1,1510.74
YouTube,Campaign_B,14,5533,HKVitals Omega,2024-02-04,3,4638.16
Instagram,Campaign_A,15,8296,HKVitals Omega,2024-03-19,2,2475.68
Facebook,Campaign_C,20,2343,HKVitals Omega,2024-02-05,3,1901.8
Instagram,Campaign_C,3,2235,MuscleBlaze Whey,2024-05-09,3,1059.09
Twitter,Campaign_C,19,7637,Gritzo Shake,2024-02-24,1,1237.71
Facebook,Campaign_C,18,8734,Gritzo Shake,2024-02-08,2,1934.49
YouTube,Campaign_B,10,3193,HKVitals Omega,2024-05-08,3,1361.83
Facebook,Campaign_C,17,1173,Gritzo Shake,2024-03-02,3,4389.22
Twitter,Campaign_C,5,8310,MuscleBlaze Whey,2024-02-15,3,5738.43
Twitter,Campaign_A,5,8921,HKVitals Omega,2024-01-11,1,1594.5
Instagram,Campaign_C,3,5331,HKVitals Omega,2024-02-29,1,1436.6
YouTube,Campaign_C,12,7358,HKVitals Omega,2024-04-26,1,367.84
YouTube,Campaign_C,11,2691,Gritzo Shake,2024-05-13,3,5131.2
Facebook,Campaign_B,9,9918,Gritzo Shake,2024-02-14,2,2822.5
Twitter,Campaign_A,19,2275,Gritzo Shake,2024-03-05,2,3907.09
Facebook,Campaign_C,17,7649,HKVitals Omega,2024-03-29,2,3295.04
Twitter,Campaign_C,1,9222,MuscleBlaze Whey,2024-04-22,1,690.98
Facebook,Campaign_C,9,4465,MuscleBlaze Whey,2024-02-17,1,915.78
Instagram,Campaign_C,4,4773,HKVitals Omega,2024-03-25,3,1478.03
YouTube,Campaign_B,16,8848,MuscleBlaze Whey,2024-05-31,1,1400.34
Twitter,Campaign_A,1,4992,MuscleBlaze Whey,2024-02-02,3,3920.97
Facebook,Campaign_A,17,1642,Gritzo Shake,2024-02-07,1,582.78
Facebook,Campaign_C,17,7642,Gritzo Shake,2024-05-24,3,994.96
YouTube,Campaign_B,10,2404,MuscleBlaze Whey,2024-04-24,3,5963.16
YouTube,Campaign_A,6,4594,HKVitals Omega,2024-06-02,1,1650.85
Facebook,Campaign_B,20,9369,HKVitals Omega,2024-02-12,3,4396.51
Facebook,Campaign_A,20,2127,MuscleBlaze Whey,2024-04-06,2,1049.52
Facebook,Campaign_C,7,9564,Gritzo Shake,2024-06-24,2,3410.15
Instagram,Campaign_C,4,3906,HKVitals Omega,2024-06-06,3,1099.09
Facebook,Campaign_C,17,2925,MuscleBlaze Whey,2024-05-03,3,1564.68
Facebook,Campaign_B,18,1019,Gritzo Shake,2024-06-15,2,2374.95
Twitter,Campaign_B,2,9680,HKVitals Omega,2024-02-28,2,3284.49
YouTube,Campaign_A,12,2600,HKVitals Omega,2024-02-04,2,2222.28
Instagram,Campaign_A,3,5641,Gritzo Shake,2024-05-19,2,1476.54
Twitter,Campaign_A,1,9561,MuscleBlaze Whey,2024-05-13,1,937.55
YouTube,Campaign_C,11,7698,HKVitals Omega,2024-01-28,1,1024.32
Facebook,Campaign_B,9,5281,Gritzo Shake,2024-04-18,3,2764.78
Instagram,Campaign_B,13,4337,HKVitals Omega,2024-05-21,3,3360.59
Facebook,Campaign_C,18,8925,HKVitals Omega,2024-03-19,3,2656.22
Instagram,Campaign_C,13,3262,Gritzo Shake,2024-01-31,3,2071.83
YouTube,Campaign_C,6,2642,MuscleBlaze Whey,2024-05-10,2,3272.68
Facebook,Campaign_A,20,1852,MuscleBlaze Whey,2024-04-09,3,926.98
Twitter,Campaign_A,5,8727,Gritzo Shake,2024-04-21,1,408.94
YouTube,Campaign_B,12,2311,Gritzo Shake,2024-01-10,3,2860.06
Facebook,Campaign_A,20,9536,HKVitals Omega,2024-06-01,1,1907.72
YouTube,Campaign_C,16,8192,MuscleBlaze Whey,2024-02-21,3,5646.87
YouTube,Campaign_A,10,4190,MuscleBlaze Whey,2024-06-02,3,3530.65
Facebook,Campaign_A,20,3776,Gritzo Shake,2024-01-10,2,1413.47
YouTube,Campaign_B,6,2422,HKVitals Omega,2024-04-12,2,2876.85
Twitter,Campaign_A,19,4281,Gritzo Shake,2024-01-04,3,4488.47
Facebook,Campaign_B,18,5661,Gritzo Shake,2024-05-23,3,2675.29
Instagram,Campaign_A,8,4187,HKVitals Omega,2024-04-13,3,923.72
YouTube,Campaign_B,14,9294,MuscleBlaze Whey,2024-05-23,1,1155.39
Instagram,Campaign_B,4,9409,HKVitals Omega,2024-05-17,3,2175.72
Instagram,Campaign_C,13,8923,MuscleBlaze Whey,2024-03-27,2,2917.42
Twitter,Campaign_A,1,8896,MuscleBlaze Whey,2024-03-07,1,950.54
Instagram,Campaign_C,8,6172,HKVitals Omega,2024-03-31,3,3631.82
Facebook,Campaign_B,9,5067,HKVitals Omega,2024-01-24,2,2890.57
Instagram,Campaign_C,3,3924,HKVitals Omega,2024-03-21,2,1343.12
Facebook,Campaign_A,9,3994,Gritzo Shake,2024-06-23,1,1148.3
Instagram,Campaign_A,8,4965,HKVitals Omega,2024-02-22,1,644.7
Facebook,Campaign_C,20,6833,MuscleBlaze Whey,2024-01-28,1,1864.32
YouTube,Campaign_B,16,1108,Gritzo Shake,2024-01-11,2,1862.07
YouTube,Campaign_A,16,5501,HKVitals Omega,2024-02-16,3,2329.36
Twitter,Campaign_C,19,3101,MuscleBlaze Whey,2024-05-14,2,2226.29
Twitter,Campaign_B,2,9232,HKVitals Omega,2024-04-10,3,4857.11
Instagram,Campaign_C,4,9490,HKVitals Omega,2024-03-21,3,942.93
Facebook,Campaign_B,7,7216,Gritzo Shake,2024-01-26,2,1829.45
YouTube,Campaign_C,6,9987,HKVitals Omega,2024-03-01,2,2202.57
YouTube,Campaign_C,11,6995,MuscleBlaze Whey,2024-05-07,2,1315.81
YouTube,Campaign_A,12,6981,HKVitals Omega,2024-03-12,2,1211.62
Twitter,Campaign_B,19,4744,MuscleBlaze Whey,2024-03-10,1,1244.08
Facebook,Campaign_A,7,3389,Gritzo Shake,2024-02-08,2,3339.27
YouTube,Campaign_B,14,9185,MuscleBlaze Whey,2024-06-10,3,3623.31
YouTube,Campaign_A,16,5915,HKVitals Omega,2024-05-23,3,1143.32
YouTube,Campaign_A,6,1983,MuscleBlaze Whey,2024-03-06,2,3452.5
Instagram,Campaign_B,15,6483,HKVitals Omega,2024-04-02,2,2505.19
YouTube,Campaign_C,12,1324,HKVitals Omega,2024-02-01,2,3549.05
Facebook,Campaign_C,7,9821,MuscleBlaze Whey,2024-03-13,2,1705.31
YouTube,Campaign_C,16,8322,MuscleBlaze Whey,2024-04-07,3,2361.27
Twitter,Campaign_C,5,3745,Gritzo Shake,2024-03-27,2,2746.33
Instagram,Campaign_B,13,2168,MuscleBlaze Whey,2024-02-11,2,1375.94
YouTube,Campaign_B,10,5382,Gritzo Shake,2024-06-14,2,1522.24
YouTube,Campaign_A,12,9535,HKVitals Omega,2024-04-15,1,612.61
Twitter,Campaign_A,5,4844,Gritzo Shake,2024-03-05,3,4473.55
Facebook,Campaign_B,7,3734,HKVitals Omega,2024-01-27,1,408.45
Facebook,Campaign_A,18,1881,MuscleBlaze Whey,2024-04-11,3,4801.48
Instagram,Campaign_B,4,5300,Gritzo Shake,2024-02-09,1,1413.22
YouTube,Campaign_A,10,4757,MuscleBlaze Whey,2024-03-13,2,2730.03
Facebook,Campaign_B,17,3795,MuscleBlaze Whey,2024-01-09,3,2719.89
YouTube,Campaign_C,16,8654,Gritzo Shake,2024-03-10,3,3168.71
Facebook,Campaign_C,18,3900,Gritzo Shake,2024-06-01,2,2745.56
Twitter,Campaign_B,19,8126,Gritzo Shake,2024-06-12,3,3622.3
YouTube,Campaign_B,16,9841,MuscleBlaze Whey,2024-01-23,2,1646.75
Facebook,Campaign_A,9,3551,HKVitals Omega,2024-01-03,1,1189.64
YouTube,Campaign_B,12,5698,HKVitals Omega,2024-05-16,1,1469.21
YouTube,Campaign_A,16,5908,MuscleBlaze Whey,2024-04-20,2,2629.81
Facebook,Campaign_A,18,7121,MuscleBlaze Whey,2024-04-15,3,3129.24
YouTube,Campaign_C,6,7385,HKVitals Omega,2024-02-26,2,869.31
Instagram,Campaign_C,8,9464,Gritzo Shake,2024-06-26,3,2286.51
Facebook,Campaign_B,18,5404,HKVitals Omega,2024-02-18,1,610.09
Instagram,Campaign_B,4,8460,Gritzo Shake,2024-04-25,2,2981.61
Facebook,Campaign_A,7,6253,MuscleBlaze Whey,2024-02-08,1,1948.52
YouTube,Campaign_C,6,2675,HKVitals Omega,2024-03-09,1,1515.83
Twitter,Campaign_B,1,4814,MuscleBlaze Whey,2024-02-08,1,1139.09
YouTube,Campaign_A,14,6104,HKVitals Omega,2024-04-05,2,2969.58
YouTube,Campaign_A,11,2314,MuscleBlaze Whey,2024-01-15,2,3237.22
Facebook,Campaign_A,18,8702,MuscleBlaze Whey,2024-02-19,2,3378.65
Instagram,Campaign_A,4,5078,HKVitals Omega,2024-04-23,1,1553.95
Facebook,Campaign_A,7,8550,Gritzo Shake,2024-01-25,3,4296.64
YouTube,Campaign_C,16,7375,Gritzo Shake,2024-03-20,2,1139.28
Twitter,Campaign_A,2,9534,MuscleBlaze Whey,2024-03-05,2,2770.97
YouTube,Campaign_B,12,1853,Gritzo Shake,2024-02-25,1,701.14
YouTube,Campaign_A,11,1246,MuscleBlaze Whey,2024-03-11,3,1510.21
Twitter,Campaign_A,1,1688,Gritzo Shake,2024-06-25,2,2940.58
YouTube,Campaign_C,12,2466,MuscleBlaze Whey,2024-02-10,2,910.77
YouTube,Campaign_C,11,1983,MuscleBlaze Whey,2024-04-01,3,1684.98
Instagram,Campaign_C,4,3061,HKVitals Omega,2024-02-29,2,3937.7
YouTube,Campaign_B,12,8187,Gritzo Shake,2024-02-19,1,1471.72
Twitter,Campaign_B,5,5107,MuscleBlaze Whey,2024-05-04,3,3131.25
Facebook,Campaign_B,18,9029,MuscleBlaze Whey,2024-05-25,1,1224.15
Instagram,Campaign_A,15,5510,Gritzo Shake,2024-05-21,1,417.09
Instagram,Campaign_C,15,5844,HKVitals Omega,2024-05-18,2,2143.87
Facebook,Campaign_B,17,7210,Gritzo Shake,2024-02-17,1,1353.55
Facebook,Campaign_B,20,4912,HKVitals Omega,2024-01-17,3,5832.53
Facebook,Campaign_B,7,9586,Gritzo Shake,2024-05-07,3,1686.07
YouTube,Campaign_C,11,7714,Gritzo Shake,2024-03-23,1,463.64
Instagram,Campaign_B,3,1717,MuscleBlaze Whey,2024-02-15,1,643.53
Facebook,Campaign_C,7,2617,MuscleBlaze Whey,2024-05-26,3,5165.13
YouTube,Campaign_B,16,9615,Gritzo Shake,2024-06-28,3,2205.29
Instagram,Campaign_A,8,2161,MuscleBlaze Whey,2024-02-23,3,3406.17
Instagram,Campaign_B,15,1994,HKVitals Omega,2024-05-22,3,5685.04
YouTube,Campaign_A,12,1955,Gritzo Shake,2024-03-09,3,1107.33
YouTube,Campaign_A,10,2276,MuscleBlaze Whey,2024-05-12,1,472.08
Facebook,Campaign_C,18,7313,MuscleBlaze Whey,2024-02-19,3,4250.07
YouTube,Campaign_C,6,7802,Gritzo Shake,2024-01-28,3,3840.47
Instagram,Campaign_C,15,7997,MuscleBlaze Whey,2024-02-12,1,1234.94
YouTube,Campaign_B,11,3591,Gritzo Shake,2024-06-02,2,3773.97
Facebook,Campaign_C,18,6319,HKVitals Omega,2024-04-15,3,3096.0
YouTube,Campaign_C,11,4943,Gritzo Shake,2024-05-19,1,937.61
Facebook,Campaign_A,9,6898,HKVitals Omega,2024-04-24,2,600.67
YouTube,Campaign_A,10,1267,Gritzo Shake,2024-02-04,2,622.33
Facebook,Campaign_C,7,6159,MuscleBlaze Whey,2024-06-25,2,3724.98
Facebook,Campaign_A,18,3534,MuscleBlaze Whey,2024-01-10,2,1809.23
Facebook,Campaign_B,9,7014,Gritzo Shake,2024-03-04,1,735.61
Instagram,Campaign_B,3,7550,Gritzo Shake,2024-02-25,3,1293.73
YouTube,Campaign_A,16,3832,HKVitals Omega,2024-06-25,3,3838.79
Facebook,Campaign_A,20,5921,MuscleBlaze Whey,2024-05-27,2,866.82
YouTube,Campaign_A,11,6700,HKVitals Omega,2024-04-16,1,1778.64
Facebook,Campaign_C,20,1187,Gritzo Shake,2024-06-10,2,784.04
Twitter,Campaign_C,2,6231,Gritzo Shake,2024-05-24,1,855.61
Instagram,Campaign_B,8,3509,MuscleBlaze Whey,2024-06-21,3,5986.57
Facebook,Campaign_B,20,9269,MuscleBlaze Whey,2024-02-26,2,1585.26
Twitter,Campaign_A,5,3165,HKVitals Omega,2024-01-22,2,2542.9
Facebook,Campaign_C,18,7540,HKVitals Omega,2024-01-22,2,2306.2
Twitter,Campaign_C,5,3209,HKVitals Omega,2024-05-23,1,1129.36
Twitter,Campaign_A,19,4212,Gritzo Shake,2024-06-06,3,3573.66
Instagram,Campaign_A,3,5362,HKVitals Omega,2024-03-23,3,5613.1
Instagram,Campaign_B,4,7776,HKVitals Omega,2024-04-03,2,1247.67
Facebook,Campaign_B,20,1396,HKVitals Omega,2024-02-13,2,2695.15
Facebook,Campaign_B,20,3389,HKVitals Omega,2024-01-12,1,639.46
Twitter,Campaign_A,5,2405,MuscleBlaze Whey,2024-01-14,1,1913.2
YouTube,Campaign_B,10,1225,HKVitals Omega,2024-06-26,1,818.7
Twitter,Campaign_C,1,6437,MuscleBlaze Whey,2024-05-17,1,646.46
Facebook,Campaign_C,9,9991,HKVitals Omega,2024-06-08,3,5960.74
Twitter,Campaign_A,1,7170,Gritzo Shake,2024-06-18,3,1121.76
Twitter,Campaign_B,2,5653,MuscleBlaze Whey,2024-06-27,3,2283.54
Twitter,Campaign_C,1,2091,HKVitals Omega,2024-06-18,2,2854.14
YouTube,Campaign_B,12,2767,MuscleBlaze Whey,2024-03-15,3,2871.27
Facebook,Campaign_A,17,2631,HKVitals Omega,2024-05-04,3,3610.96
Facebook,Campaign_A,7,9202,HKVitals Omega,2024-05-23,3,1009.59
Facebook,Campaign_A,17,5995,HKVitals Omega,2024-05-05,2,3130.93
YouTube,Campaign_C,12,6765,HKVitals Omega,2024-06-09,2,1403.1
Facebook,Campaign_A,9,2015,Gritzo Shake,2024-03-06,2,3627.37
Facebook,Campaign_C,18,5590,MuscleBlaze Whey,2024-02-08,2,3650.4
Twitter,Campaign_C,5,2438,Gritzo Shake,2024-04-07,3,5799.09
Instagram,Campaign_B,8,7837,MuscleBlaze Whey,2024-05-26,1,1024.99
Facebook,Campaign_A,20,6395,HKVitals Omega,2024-05-18,1,651.49
Twitter,Campaign_C,19,9869,Gritzo Shake,2024-02-21,1,825.3
Facebook,Campaign_A,17,3215,HKVitals Omega,2024-02-07,3,5658.45
YouTube,Campaign_B,11,2111,Gritzo Shake,2024-05-16,3,1503.78
Twitter,Campaign_C,5,1483,HKVitals Omega,2024-04-15,2,1631.38
Facebook,Campaign_C,9,3489,MuscleBlaze Whey,2024-01-28,1,614.07
Facebook,Campaign_A,20,5372,Gritzo Shake,2024-05-25,3,2077.65
Instagram,Campaign_A,8,1427,HKVitals Omega,2024-01-21,3,4877.11
Facebook,Campaign_B,17,8680,Gritzo Shake,2024-06-15,2,1225.52
YouTube,Campaign_B,16,8763,MuscleBlaze Whey,2024-02-11,1,684.66
Twitter,Campaign_A,1,5421,HKVitals Omega,2024-02-26,3,4323.83
Facebook,Campaign_B,7,2083,MuscleBlaze Whey,2024-04-22,3,3398.71
Instagram,Campaign_B,15,5043,HKVitals Omega,2024-04-13,1,1333.48
YouTube,Campaign_C,11,7457,Gritzo Shake,2024-05-26,3,3634.41
Twitter,Campaign_A,2,9530,MuscleBlaze Whey,2024-04-25,2,3411.83
Instagram,Campaign_B,8,9498,Gritzo Shake,2024-04-11,3,1100.18
Facebook,Campaign_B,17,1807,MuscleBlaze Whey,2024-03-15,2,1953.34
YouTube,Campaign_A,10,8558,MuscleBlaze Whey,2024-04-18,2,2684.66
Facebook,Campaign_C,17,3330,HKVitals Omega,2024-06-14,2,907.5
Instagram,Campaign_B,4,3945,Gritzo Shake,2024-06-27,3,1590.06
YouTube,Campaign_C,11,8387,MuscleBlaze Whey,2024-02-15,2,2607.07
Facebook,Campaign_C,7,8449,MuscleBlaze Whey,2024-03-05,2,2951.84
YouTube,Campaign_B,6,3024,MuscleBlaze Whey,2024-01-30,3,3191.93
Instagram,Campaign_C,3,9582,Gritzo Shake,2024-04-08,3,4934.44
Facebook,Campaign_A,20,3619,HKVitals Omega,2024-05-20,2,749.28
YouTube,Campaign_A,11,3459,MuscleBlaze Whey,2024-02-07,1,1607.57
YouTube,Campaign_A,14,6047,HKVitals Omega,2024-04-24,2,2729.94
Twitter,Campaign_B,5,4323,MuscleBlaze Whey,2024-06-08,2,641.51
YouTube,Campaign_C,16,9904,MuscleBlaze Whey,2024-06-04,2,1408.79
YouTube,Campaign_A,16,8434,HKVitals Omega,2024-04-23,1,1322.07
Instagram,Campaign_A,8,9967,HKVitals Omega,2024-06-07,3,3743.5
Twitter,Campaign_A,2,4028,MuscleBlaze Whey,2024-01-15,3,2680.0
Twitter,Campaign_A,2,5889,HKVitals Omega,2024-01-23,1,485.11
YouTube,Campaign_C,6,5659,Gritzo Shake,2024-06-18,3,4469.22
Facebook,Campaign_A,18,3906,HKVitals Omega,2024-05-28,2,3767.03
YouTube,Campaign_C,10,6289,HKVitals Omega,2024-04-07,1,1589.35
Instagram,Campaign_B,3,5797,HKVitals Omega,2024-02-04,1,1480.85
YouTube,Campaign_C,11,9635,HKVitals Omega,2024-05-14,1,1482.91
Twitter,Campaign_B,2,2790,Gritzo Shake,2024-06-10,3,5934.67
Facebook,Campaign_C,20,5705,HKVitals Omega,2024-06-04,2,1482.84
Facebook,Campaign_C,20,6797,MuscleBlaze Whey,2024-06-06,3,3431.62
YouTube,Campaign_A,16,9069,MuscleBlaze Whey,2024-06-05,1,1504.6
Twitter,Campaign_C,1,2936,MuscleBlaze Whey,2024-04-29,3,4963.34
Facebook,Campaign_C,7,7793,HKVitals Omega,2024-01-12,2,1788.81
Facebook,Campaign_A,7,1185,Gritzo Shake,2024-02-21,3,2336.3
YouTube,Campaign_A,10,5919,Gritzo Shake,2024-05-20,2,3207.91
YouTube,Campaign_A,11,6592,HKVitals Omega,2024-05-25,3,5796.58
Facebook,Campaign_A,7,6415,HKVitals Omega,2024-06-21,2,3714.95
Twitter,Campaign_C,5,8888,MuscleBlaze Whey,2024-06-09,2,3633.0
YouTube,Campaign_C,11,8577,HKVitals Omega,2024-01-15,3,2426.65
YouTube,Campaign_B,11,9779,MuscleBlaze Whey,2024-02-23,3,4396.02
Instagram,Campaign_C,3,3446,HKVitals Omega,2024-01-08,2,3944.3
Facebook,Campaign_A,18,3719,Gritzo Shake,2024-06-04,2,1237.09
YouTube,Campaign_B,10,6152,Gritzo Shake,2024-01-09,2,2007.16
Instagram,Campaign_A,8,7088,HKVitals Omega,2024-03-18,1,1192.67
Instagram,Campaign_A,4,7131,MuscleBlaze Whey,2024-02-21,1,1054.42
YouTube,Campaign_C,16,9192,MuscleBlaze Whey,2024-02-18,2,3740.37
Facebook,Campaign_C,17,6084,HKVitals Omega,2024-02-06,1,1697.64
Twitter,Campaign_C,5,4361,Gritzo Shake,2024-01-10,2,1917.8
Instagram,Campaign_A,4,1067,HKVitals Omega,2024-01-12,3,5225.43
YouTube,Campaign_C,11,8649,MuscleBlaze Whey,2024-01-27,3,4807.52
YouTube,Campaign_B,10,1368,Gritzo Shake,2024-03-20,3,5449.89
Facebook,Campaign_B,7,4154,HKVitals Omega,2024-03-11,3,2527.66
Instagram,Campaign_C,4,5467,MuscleBlaze Whey,2024-02-10,2,989.17
Facebook,Campaign_B,18,9422,MuscleBlaze Whey,2024-02-22,3,2686.62
Facebook,Campaign_A,9,3319,Gritzo Shake,2024-03-13,3,2148.61
YouTube,Campaign_B,10,6549,Gritzo Shake,2024-04-23,1,521.13
Twitter,Campaign_A,2,2735,HKVitals Omega,2024-01-14,1,1024.99
Facebook,Campaign_A,20,8304,Gritzo Shake,2024-04-01,2,1729.93
Facebook,Campaign_C,18,2286,HKVitals Omega,2024-05-25,1,457.96
Instagram,Campaign_B,15,2593,HKVitals Omega,2024-03-20,3,4186.53
YouTube,Campaign_B,16,4796,MuscleBlaze Whey,2024-02-06,3,2216.07
Instagram,Campaign_B,13,4004,Gritzo Shake,2024-06-19,2,3281.85
Instagram,Campaign_B,15,8987,MuscleBlaze Whey,2024-01-17,2,983.82
Instagram,Campaign_C,15,3798,HKVitals Omega,2024-03-30,3,3830.86
Instagram,Campaign_A,4,7646,Gritzo Shake,2024-01-28,2,2490.91
YouTube,Campaign_C,10,9728,HKVitals Omega,2024-04-12,3,3008.55
Instagram,Campaign_A,8,9977,MuscleBlaze Whey,2024-05-03,2,824.6
Twitter,Campaign_A,19,8063,HKVitals Omega,2024-05-25,2,2451.39
YouTube,Campaign_C,6,2276,Gritzo Shake,2024-05-26,2,988.7
Instagram,Campaign_B,15,6330,Gritzo Shake,2024-01-25,2,1198.99
Instagram,Campaign_C,3,2781,Gritzo Shake,2024-06-01,2,1713.19
Twitter,Campaign_C,2,2483,MuscleBlaze Whey,2024-02-05,3,5506.61
Twitter,Campaign_B,1,3403,Gritzo Shake,2024-02-08,2,2406.27
Facebook,Campaign_B,20,8326,MuscleBlaze Whey,2024-02-22,3,5374.87
Twitter,Campaign_C,19,5989,HKVitals Omega,2024-03-29,1,1290.64
Facebook,Campaign_C,17,7622,MuscleBlaze Whey,2024-03-16,1,927.68
Twitter,Campaign_B,2,1013,Gritzo Shake,2024-05-23,2,972.97
Twitter,Campaign_B,1,4854,HKVitals Omega,2024-06-28,3,2910.77
Instagram,Campaign_A,13,7652,HKVitals Omega,2024-04-21,3,1977.2
YouTube,Campaign_B,16,3278,MuscleBlaze Whey,2024-05-22,2,3467.31
YouTube,Campaign_A,14,3527,HKVitals Omega,2024-06-20,1,528.27
Twitter,Campaign_A,1,3359,Gritzo Shake,2024-05-04,3,3127.35
Instagram,Campaign_C,3,3248,Gritzo Shake,2024-04-16,2,3638.18
Facebook,Campaign_C,20,7974,Gritzo Shake,2024-02-16,2,2332.01
Instagram,Campaign_A,15,7303,HKVitals Omega,2024-02-27,1,1022.11
Twitter,Campaign_B,19,9161,Gritzo Shake,2024-03-01,3,3458.82
Facebook,Campaign_B,18,7012,MuscleBlaze Whey,2024-01-10,3,3364.67
Instagram,Campaign_C,4,8889,Gritzo Shake,2024-01-21,1,1541.32
Facebook,Campaign_A,9,8617,Gritzo Shake,2024-01-21,3,5438.57
Instagram,Campaign_C,8,8740,Gritzo Shake,2024-06-18,3,1298.22
Facebook,Campaign_A,18,6119,Gritzo Shake,2024-01-14,2,2419.11
YouTube,Campaign_B,16,8438,Gritzo Shake,2024-04-30,3,4642.45
YouTube,Campaign_C,12,5827,HKVitals Omega,2024-02-12,1,1481.59
YouTube,Campaign_C,10,5267,MuscleBlaze Whey,2024-06-10,2,2565.68
Twitter,Campaign_A,2,5780,Gritzo Shake,2024-06-08,1,787.59
Twitter,Campaign_B,5,9283,MuscleBlaze Whey,2024-03-12,2,1050.63
Facebook,Campaign_C,9,5209,MuscleBlaze Whey,2024-01-29,3,1790.53
Twitter,Campaign_A,5,8317,HKVitals Omega,2024-02-14,2,3260.59
YouTube,Campaign_A,16,3962,Gritzo Shake,2024-01-09,2,3945.84
Facebook,Campaign_B,20,3525,HKVitals Omega,2024-04-15,2,1409.02
YouTube,Campaign_A,6,4454,Gritzo Shake,2024-03-29,1,1391.84
Twitter,Campaign_C,2,3745,HKVitals Omega,2024-04-12,2,1624.65
Facebook,Campaign_B,18,4828,HKVitals Omega,2024-06-23,3,2889.36
Twitter,Campaign_B,5,9690,HKVitals Omega,2024-01-04,2,3752.56
Instagram,Campaign_C,13,6172,Gritzo Shake,2024-06-23,1,465.52
YouTube,Campaign_B,12,8074,Gritzo Shake,2024-06-15,2,1738.89
Instagram,Campaign_C,4,5183,Gritzo Shake,2024-05-29,2,2167.77
Instagram,Campaign_A,8,4193,Gritzo Shake,2024-03-27,3,4420.42
YouTube,Campaign_A,11,9972,MuscleBlaze Whey,2024-06-21,1,1713.87
YouTube,Campaign_A,14,2600,Gritzo Shake,2024-01-27,3,3174.31
YouTube,Campaign_A,10,5127,MuscleBlaze Whey,2024-01-09,1,1352.98
Facebook,Campaign_A,20,4552,Gritzo Shake,2024-06-12,1,1503.73
Instagram,Campaign_A,3,3128,HKVitals Omega,2024-06-17,3,3786.95
Instagram,Campaign_A,4,4018,HKVitals Omega,2024-03-16,2,2845.62
Instagram,Campaign_B,15,5528,HKVitals Omega,2024-06-26,3,4826.39
Facebook,Campaign_B,9,3653,MuscleBlaze Whey,2024-03-11,1,950.76
Twitter,Campaign_A,2,5230,HKVitals Omega,2024-02-15,2,835.95
Facebook,Campaign_C,20,7432,MuscleBlaze Whey,2024-06-14,2,968.66
YouTube,Campaign_C,14,4578,Gritzo Shake,2024-06-13,1,1851.44
Facebook,Campaign_B,9,2692,MuscleBlaze Whey,2024-01-19,1,1271.29
Instagram,Campaign_A,15,1307,HKVitals Omega,2024-02-08,3,4165.71
Instagram,Campaign_C,13,5365,MuscleBlaze Whey,2024-06-28,2,3675.7
Twitter,Campaign_C,1,9444,Gritzo Shake,2024-05-05,2,2082.6
Instagram,Campaign_B,3,9849,MuscleBlaze Whey,2024-01-01,2,3844.13
Instagram,Campaign_A,4,9770,HKVitals Omega,2024-03-26,3,2444.42
Instagram,Campaign_B,3,6985,Gritzo Shake,2024-03-28,1,1730.01
Facebook,Campaign_B,7,3893,Gritzo Shake,2024-01-11,2,2846.5
Instagram,Campaign_C,13,2749,Gritzo Shake,2024-06-25,2,2254.11
Instagram,Campaign_C,15,4104,MuscleBlaze Whey,2024-01-10,1,343.12
Instagram,Campaign_B,8,9015,HKVitals Omega,2024-01-17,3,4181.38
Facebook,Campaign_C,18,8361,MuscleBlaze Whey,2024-01-10,2,790.59
Twitter,Campaign_B,2,7643,MuscleBlaze Whey,2024-02-24,3,4303.31
Facebook,Campaign_A,18,3440,Gritzo Shake,2024-05-28,1,1872.19
Twitter,Campaign_C,5,9010,Gritzo Shake,2024-01-05,2,3684.41
Twitter,Campaign_C,2,4976,Gritzo Shake,2024-06-15,1,324.42
Twitter,Campaign_C,2,6035,MuscleBlaze Whey,2024-04-26,3,1770.52
Instagram,Campaign_A,3,2742,MuscleBlaze Whey,2024-05-07,3,4975.79
Instagram,Campaign_B,3,4320,HKVitals Omega,2024-03-27,3,4359.83
Instagram,Campaign_C,4,9943,MuscleBlaze Whey,2024-03-23,1,1599.19
YouTube,Campaign_B,6,6496,MuscleBlaze Whey,2024-01-31,2,1080.21
YouTube,Campaign_C,6,7060,Gritzo Shake,2024-02-12,2,1428.39
Twitter,Campaign_A,2,3185,MuscleBlaze Whey,2024-06-10,3,2818.27
Twitter,Campaign_A,1,8978,MuscleBlaze Whey,2024-01-02,1,605.0
Twitter,Campaign_A,19,5648,HKVitals Omega,2024-06-26,2,2954.02
Twitter,Campaign_A,5,5439,Gritzo Shake,2024-04-25,2,1413.46
Facebook,Campaign_A,20,1616,Gritzo Shake,2024-02-16,3,3449.43
YouTube,Campaign_A,10,6699,HKVitals Omega,2024-01-02,3,2101.76
Facebook,Campaign_B,17,2567,Gritzo Shake,2024-04-02,3,3488.46
Facebook,Campaign_C,7,5528,MuscleBlaze Whey,2024-02-19,1,1654.24
YouTube,Campaign_A,16,9151,MuscleBlaze Whey,2024-02-10,3,5605.63
YouTube,Campaign_B,12,5670,MuscleBlaze Whey,2024-04-21,2,1736.6
Twitter,Campaign_A,2,2710,Gritzo Shake,2024-01-14,3,1797.03
YouTube,Campaign_C,16,9436,MuscleBlaze Whey,2024-01-19,1,1526.39
Twitter,Campaign_B,19,6340,HKVitals Omega,2024-02-20,3,4351.95
Instagram,Campaign_B,8,2804,HKVitals Omega,2024-02-28,1,703.1
Facebook,Campaign_A,7,7152,MuscleBlaze Whey,2024-01-19,2,2589.31
YouTube,Campaign_B,14,3374,MuscleBlaze Whey,2024-06-05,2,1205.41
Twitter,Campaign_B,5,8499,Gritzo Shake,2024-02-19,3,2728.81
Facebook,Campaign_B,7,6503,MuscleBlaze Whey,2024-01-09,3,3800.2
Twitter,Campaign_B,5,2820,HKVitals Omega,2024-04-27,2,1182.08
Instagram,Campaign_A,8,5835,Gritzo Shake,2024-02-10,3,5759.08
Twitter,Campaign_A,19,4763,MuscleBlaze Whey,2024-04-15,3,3394.99
Twitter,Campaign_C,19,8757,HKVitals Omega,2024-03-12,1,1541.03
Instagram,Campaign_C,8,5060,HKVitals Omega,2024-04-21,3,2034.27
Twitter,Campaign_C,5,1083,HKVitals Omega,2024-01-12,1,1985.16
Facebook,Campaign_C,17,1550,HKVitals Omega,2024-05-15,2,2229.52
Instagram,Campaign_A,4,8412,HKVitals Omega,2024-03-02,1,1249.43
YouTube,Campaign_A,14,4571,MuscleBlaze Whey,2024-04-01,2,1412.81
Twitter,Campaign_C,1,8860,Gritzo Shake,2024-03-19,1,1495.62
Twitter,Campaign_B,19,1399,HKVitals Omega,2024-04-28,1,1786.14
YouTube,Campaign_C,6,7068,Gritzo Shake,2024-04-28,3,4130.35
Instagram,Campaign_B,3,7305,Gritzo Shake,2024-03-26,3,1066.84
Facebook,Campaign_B,9,9887,Gritzo Shake,2024-02-23,3,1312.89
Twitter,Campaign_B,2,9433,Gritzo Shake,2024-04-03,1,488.64
Instagram,Campaign_C,15,1669,HKVitals Omega,2024-04-03,1,1401.89
Instagram,Campaign_C,3,4354,MuscleBlaze Whey,2024-03-26,1,1217.38
YouTube,Campaign_B,16,4437,Gritzo Shake,2024-02-27,2,1799.22
Facebook,Campaign_B,17,7929,HKVitals Omega,2024-01-14,1,933.78
YouTube,Campaign_C,16,9215,Gritzo Shake,2024-02-01,2,3013.41
Facebook,Campaign_C,18,5788,HKVitals Omega,2024-06-07,2,3319.67
Instagram,Campaign_A,3,4085,HKVitals Omega,2024-01-23,1,964.16
YouTube,Campaign_A,10,2260,MuscleBlaze Whey,2024-02-12,2,980.88
YouTube,Campaign_B,16,3465,MuscleBlaze Whey,2024-05-13,3,1015.72
Facebook,Campaign_C,18,3163,HKVitals Omega,2024-03-29,2,2109.12
Twitter,Campaign_A,1,5776,MuscleBlaze Whey,2024-01-17,1,1782.05
Facebook,Campaign_B,17,6503,HKVitals Omega,2024-05-28,2,2829.59
YouTube,Campaign_A,16,9686,Gritzo Shake,2024-04-23,2,1633.88
YouTube,Campaign_B,10,3813,HKVitals Omega,2024-02-28,2,1864.47
Twitter,Campaign_C,2,3430,HKVitals Omega,2024-03-13,2,3851.13
YouTube,Campaign_C,6,9770,HKVitals Omega,2024-02-16,1,1726.86
Twitter,Campaign_C,5,3641,MuscleBlaze Whey,2024-01-30,1,1989.41
Twitter,Campaign_C,5,8223,HKVitals Omega,2024-04-04,1,648.76
Twitter,Campaign_A,2,6192,HKVitals Omega,2024-02-07,2,2124.66
Facebook,Campaign_A,18,5940,MuscleBlaze Whey,2024-01-07,2,3765.63
Instagram,Campaign_C,15,6246,MuscleBlaze Whey,2024-01-02,3,3685.34
YouTube,Campaign_C,11,5842,HKVitals Omega,2024-03-15,3,4301.13
Instagram,Campaign_A,15,6549,Gritzo Shake,2024-01-29,3,3342.8
Twitter,Campaign_A,5,2914,HKVitals Omega,2024-01-07,2,2699.57
Instagram,Campaign_A,15,6855,MuscleBlaze Whey,2024-03-24,1,1333.86
Twitter,Campaign_C,19,9625,MuscleBlaze Whey,2024-03-12,1,338.33
Instagram,Campaign_C,15,2431,Gritzo Shake,2024-04-10,1,1133.79
Facebook,Campaign_C,20,9381,MuscleBlaze Whey,2024-06-19,2,1951.7
YouTube,Campaign_B,14,7056,HKVitals Omega,2024-04-05,1,783.91
YouTube,Campaign_B,10,8300,Gritzo Shake,2024-01-23,1,1537.35
YouTube,Campaign_B,14,8249,HKVitals Omega,2024-02-11,3,5848.84
YouTube,Campaign_B,14,3286,Gritzo Shake,2024-06-02,1,544.19
YouTube,Campaign_A,16,9606,HKVitals Omega,2024-01-17,3,4756.18
Twitter,Campaign_B,1,7708,Gritzo Shake,2024-03-10,2,1194.64
Twitter,Campaign_B,19,3243,MuscleBlaze Whey,2024-02-17,2,1584.17
Twitter,Campaign_B,2,5947,Gritzo Shake,2024-03-18,2,2501.56
Instagram,Campaign_C,8,1439,MuscleBlaze Whey,2024-02-09,2,1620.58
YouTube,Campaign_B,16,3034,Gritzo Shake,2024-06-19,2,2018.33
Instagram,Campaign_A,8,1466,MuscleBlaze Whey,2024-03-11,2,3980.73
Facebook,Campaign_B,20,6927,Gritzo Shake,2024-05-03,3,3123.95
YouTube,Campaign_B,16,2959,HKVitals Omega,2024-05-11,3,3833.84
YouTube,Campaign_A,6,1958,MuscleBlaze Whey,2024-03-22,2,3586.28
YouTube,Campaign_B,12,3675,MuscleBlaze Whey,2024-03-10,2,2026.35
Twitter,Campaign_C,2,5749,HKVitals Omega,2024-05-15,3,5675.22
Facebook,Campaign_B,7,4002,MuscleBlaze Whey,2024-06-02,1,1224.31
YouTube,Campaign_C,10,5447,Gritzo Shake,2024-06-27,3,2748.87
Twitter,Campaign_B,19,6761,MuscleBlaze Whey,2024-01-04,1,1180.89
YouTube,Campaign_C,16,7750,HKVitals Omega,2024-02-11,1,670.39
Instagram,Campaign_C,8,4087,Gritzo Shake,2024-06-06,3,5140.22
Facebook,Campaign_A,18,2867,HKVitals Omega,2024-04-27,1,498.16
Twitter,Campaign_B,1,8856,HKVitals Omega,2024-03-20,3,2749.1
Facebook,Campaign_C,20,9570,HKVitals Omega,2024-02-14,3,2453.89
Instagram,Campaign_B,4,4643,MuscleBlaze Whey,2024-06-26,1,1469.68
Twitter,Campaign_A,5,4438,MuscleBlaze Whey,2024-01-21,2,2948.78
Instagram,Campaign_A,3,1308,HKVitals Omega,2024-04-20,1,633.8
Facebook,Campaign_B,17,1971,HKVitals Omega,2024-01-31,2,747.16
Twitter,Campaign_A,1,2581,MuscleBlaze Whey,2024-06-03,1,1298.93
YouTube,Campaign_B,6,6759,MuscleBlaze Whey,2024-01-24,1,1737.96
Twitter,Campaign_C,19,6698,HKVitals Omega,2024-02-11,3,4882.09
Instagram,Campaign_A,8,9272,Gritzo Shake,2024-01-18,1,1693.3
Facebook,Campaign_C,17,4555,Gritzo Shake,2024-02-19,2,1184.03
Twitter,Campaign_C,1,2616,MuscleBlaze Whey,2024-05-09,3,3321.05
Twitter,Campaign_B,19,4033,HKVitals Omega,2024-06-21,1,607.44
Instagram,Campaign_B,13,7948,MuscleBlaze Whey,2024-05-11,1,992.88
Instagram,Campaign_B,4,8633,MuscleBlaze Whey,2024-05-13,1,1142.89
YouTube,Campaign_B,10,1665,MuscleBlaze Whey,2024-03-24,2,993.46
Instagram,Campaign_B,15,6111,Gritzo Shake,2024-04-23,1,1241.66
YouTube,Campaign_A,14,4093,MuscleBlaze Whey,2024-05-01,3,2773.95
YouTube,Campaign_A,16,2723,HKVitals Omega,2024-04-22,3,4258.6
Instagram,Campaign_A,4,3348,HKVitals Omega,2024-04-12,3,3911.84
YouTube,Campaign_B,6,2060,HKVitals Omega,2024-02-20,2,1280.9
Instagram,Campaign_C,4,4815,HKVitals Omega,2024-05-07,2,3200.38
Twitter,Campaign_C,19,5472,Gritzo Shake,2024-04-12,2,2217.81
Instagram,Campaign_A,13,8938,Gritzo Shake,2024-03-12,1,1605.6
Instagram,Campaign_A,4,5107,HKVitals Omega,2024-05-07,1,1368.23
Twitter,Campaign_A,1,2631,Gritzo Shake,2024-01-14,1,1146.83
YouTube,Campaign_C,6,7269,Gritzo Shake,2024-06-22,2,1119.3
Facebook,Campaign_B,20,2578,MuscleBlaze Whey,2024-06-18,3,4814.62
Facebook,Campaign_C,7,5809,Gritzo Shake,2024-05-07,2,2316.3
YouTube,Campaign_A,11,9856,Gritzo Shake,2024-01-05,1,1984.21
Instagram,Campaign_A,13,8374,HKVitals Omega,2024-04-06,2,2162.83
YouTube,Campaign_B,6,5965,Gritzo Shake,2024-02-12,2,2064.32
Instagram,Campaign_C,13,8986,MuscleBlaze Whey,2024-05-25,3,3401.82
Facebook,Campaign_B,18,8697,HKVitals Omega,2024-05-23,1,1161.36
Facebook,Campaign_B,9,9105,Gritzo Shake,2024-04-06,3,4350.09
YouTube,Campaign_B,11,2006,MuscleBlaze Whey,2024-05-31,1,517.94
YouTube,Campaign_B,12,1440,Gritzo Shake,2024-03-28,2,930.99
YouTube,Campaign_A,12,7749,HKVitals Omega,2024-01-15,3,2145.57
YouTube,Campaign_A,10,2391,Gritzo Shake,2024-01-17,2,989.2
Twitter,Campaign_B,1,9821,HKVitals Omega,2024-01-10,2,2836.41
Twitter,Campaign_C,19,9433,HKVitals Omega,2024-03-09,1,1483.13
Twitter,Campaign_A,1,6185,HKVitals Omega,2024-05-26,2,1696.23
YouTube,Campaign_C,16,2639,Gritzo Shake,2024-06-21,1,871.14
YouTube,Campaign_A,11,3730,Gritzo Shake,2024-03-17,2,3896.05
YouTube,Campaign_B,16,2234,Gritzo Shake,2024-02-24,2,1501.53
Twitter,Campaign_C,19,7586,MuscleBlaze Whey,2024-06-08,3,5785.5
Twitter,Campaign_C,19,2552,Gritzo Shake,2024-03-27,2,828.72
YouTube,Campaign_B,16,7997,MuscleBlaze Whey,2024-03-29,1,1407.61
Facebook,Campaign_B,17,5913,HKVitals Omega,2024-06-18,3,2498.1
Instagram,Campaign_C,13,5116,Gritzo Shake,2024-05-11,2,2883.3
YouTube,Campaign_C,6,1304,Gritzo Shake,2024-06-29,3,5299.82
YouTube,Campaign_C,16,4489,Gritzo Shake,2024-04-29,2,3786.35
Facebook,Campaign_B,20,8106,Gritzo Shake,2024-06-09,1,1187.86
Instagram,Campaign_B,15,3420,MuscleBlaze Whey,2024-02-08,3,4395.06
YouTube,Campaign_B,14,7721,HKVitals Omega,2024-01-17,3,1938.15
Facebook,Campaign_A,9,5702,Gritzo Shake,2024-02-11,2,2935.31
Instagram,Campaign_B,13,4907,MuscleBlaze Whey,2024-02-08,1,347.1
Instagram,Campaign_A,15,8952,Gritzo Shake,2024-04-21,2,2799.53
Facebook,Campaign_B,7,3610,HKVitals Omega,2024-02-04,1,739.27
Facebook,Campaign_A,18,3883,Gritzo Shake,2024-01-11,3,3377.79
Twitter,Campaign_B,2,2375,HKVitals Omega,2024-06-03,2,3548.38
YouTube,Campaign_C,12,2479,HKVitals Omega,2024-02-05,1,490.29
Facebook,Campaign_C,17,2976,Gritzo Shake,2024-06-19,3,5743.34
Facebook,Campaign_B,9,9133,MuscleBlaze Whey,2024-03-01,3,1523.61
YouTube,Campaign_A,11,7388,Gritzo Shake,2024-03-01,2,1341.23
YouTube,Campaign_C,6,4507,HKVitals Omega,2024-04-22,2,1464.64
Twitter,Campaign_B,2,9034,Gritzo Shake,2024-04-05,3,5738.43
Facebook,Campaign_A,18,7943,HKVitals Omega,2024-06-23,1,1937.64
YouTube,Campaign_C,12,8786,Gritzo Shake,2024-04-04,2,671.65
Twitter,Campaign_B,2,1895,Gritzo Shake,2024-06-20,1,730.07
